customer_id,name,city
1,Rahul Gupta,Delhi
2,Pooja Jain,Delhi
3,Rahul Jain,Bangalore
4,Suman Yadav,Mumbai
5,Vikas Kumar,Delhi
6,Neha Jain,Mumbai
7,Kavita Yadav,Kolkata
8,Amit Singh,Chennai
9,Riya Jain,Chennai
10,Ram Gupta,Bangalore
11,Suresh Kumar,Bangalore
12,Rahul Singh,Mumbai
13,Suman Verma,Meerut
14,Pooja Agarwal,Mumbai
15,Suman Verma,Chennai
16,Rohit Verma,Delhi
17,Kavita Yadav,Meerut
18,Anjali Singh,Kolkata
19,Vikas Tiwari,Kolkata
20,Amit Kumar,Chennai
21,Suman Verma,Chennai
22,Neha Kumar,Mumbai
23,Suman Singh,Chennai
24,Meena Yadav,Mumbai
25,Rohit Tiwari,Meerut
26,Vikas Jain,Mumbai
27,Amit Gupta,Kolkata
28,Rohit Verma,Delhi
29,Vikas Jain,Chennai
30,Anjali Yadav,Meerut
31,Ram Jain,Chennai
32,Amit Agarwal,Meerut
33,Suresh Kumar,Kolkata
34,Ram Verma,Bangalore
35,Priya Singh,Mumbai
36,Amit Singh,Meerut
37,Nitin Sharma,Mumbai
38,Suman Jain,Chennai
39,Deepak Verma,Delhi
40,Meena Singh,Chennai
41,Amit Jain,Kolkata
42,Deepak Kumar,Delhi
43,Pooja Agarwal,Bangalore
44,Anjali Jain,Meerut
45,Deepak Verma,Chennai
46,Neha Verma,Mumbai
47,Suman Mishra,Bangalore
48,Pooja Yadav,Mumbai
49,Suresh Sharma,Chennai
50,Suman Tiwari,Mumbai
51,Sneha Yadav,Chennai
52,Priya Tiwari,Mumbai
53,Pooja Kumar,Delhi
54,Neha Yadav,Chennai
55,Rohit Yadav,Chennai
56,Ram Agarwal,Mumbai
57,Amit Agarwal,Bangalore
58,Pooja Agarwal,Kolkata
59,Vikas Singh,Meerut
60,Nitin Tiwari,Delhi
61,Deepak Sharma,Chennai
62,Suresh Yadav,Delhi
63,Amit Gupta,Delhi
64,Shyam Singh,Delhi
65,Meena Verma,Meerut
66,Pooja Singh,Meerut
67,Priya Kumar,Kolkata
68,Shyam Sharma,Chennai
69,Shyam Sharma,Meerut
70,Meena Agarwal,Mumbai
71,Karan Jain,Chennai
72,Arjun Kumar,Meerut
73,Sneha Kumar,Kolkata
74,Shyam Kumar,Mumbai
75,Rahul Verma,Meerut
76,Nitin Mishra,Kolkata
77,Nitin Verma,Meerut
78,Ram Kumar,Bangalore
79,Arjun Kumar,Delhi
80,Anjali Verma,Chennai
81,Rahul Singh,Delhi
82,Suresh Kumar,Mumbai
83,Kavita Tiwari,Meerut
84,Shyam Tiwari,Chennai
85,Anjali Mishra,Bangalore
86,Deepak Mishra,Mumbai
87,Karan Tiwari,Mumbai
88,Shyam Jain,Bangalore
89,Shyam Jain,Bangalore
90,Kavita Singh,Chennai
91,Rohit Sharma,Bangalore
92,Rohit Verma,Delhi
93,Rahul Agarwal,Chennai
94,Rohit Yadav,Delhi
95,Kavita Agarwal,Mumbai
96,Sneha Kumar,Kolkata
97,Sneha Gupta,Kolkata
98,Karan Mishra,Mumbai
99,Meena Kumar,Meerut
100,Nitin Tiwari,Kolkata
101,Amit Mishra,Kolkata
102,Arjun Tiwari,Delhi
103,Vikas Agarwal,Meerut
104,Nitin Gupta,Mumbai
105,Rohit Sharma,Delhi
106,Arjun Sharma,Bangalore
107,Priya Gupta,Meerut
108,Priya Tiwari,Mumbai
109,Ram Mishra,Mumbai
110,Amit Jain,Kolkata
111,Vikas Verma,Bangalore
112,Anjali Mishra,Meerut
113,Deepak Kumar,Chennai
114,Rahul Yadav,Mumbai
115,Arjun Sharma,Chennai
116,Vikas Tiwari,Meerut
117,Rohit Mishra,Mumbai
118,Karan Kumar,Bangalore
119,Nitin Agarwal,Kolkata
120,Kavita Kumar,Mumbai
121,Karan Tiwari,Meerut
122,Suman Yadav,Meerut
123,Kavita Tiwari,Kolkata
124,Kavita Tiwari,Delhi
125,Suman Mishra,Delhi
126,Kavita Sharma,Meerut
127,Sneha Mishra,Kolkata
128,Sneha Jain,Delhi
129,Arjun Singh,Kolkata
130,Karan Mishra,Delhi
131,Meena Kumar,Delhi
132,Arjun Jain,Chennai
133,Amit Verma,Chennai
134,Suresh Kumar,Kolkata
135,Vikas Sharma,Delhi
136,Karan Gupta,Chennai
137,Pooja Verma,Kolkata
138,Riya Agarwal,Chennai
139,Priya Agarwal,Chennai
140,Pooja Agarwal,Delhi
141,Ram Yadav,Bangalore
142,Shyam Mishra,Chennai
143,Vikas Jain,Delhi
144,Sneha Sharma,Mumbai
145,Riya Tiwari,Mumbai
146,Amit Sharma,Meerut
147,Shyam Gupta,Chennai
148,Priya Jain,Bangalore
149,Kavita Agarwal,Bangalore
150,Vikas Verma,Kolkata
151,Rahul Agarwal,Kolkata
152,Rohit Yadav,Kolkata
153,Nitin Singh,Chennai
154,Ram Singh,Delhi
155,Rohit Mishra,Meerut
156,Anjali Yadav,Delhi
157,Rahul Yadav,Kolkata
158,Meena Jain,Delhi
159,Kavita Singh,Bangalore
160,Arjun Jain,Kolkata
161,Karan Sharma,Chennai
162,Meena Sharma,Mumbai
163,Riya Verma,Chennai
164,Pooja Agarwal,Meerut
165,Amit Sharma,Meerut
166,Shyam Mishra,Meerut
167,Vikas Gupta,Chennai
168,Rahul Sharma,Meerut
169,Meena Singh,Kolkata
170,Deepak Jain,Kolkata
171,Riya Jain,Mumbai
172,Arjun Agarwal,Chennai
173,Nitin Verma,Bangalore
174,Karan Gupta,Delhi
175,Sneha Gupta,Meerut
176,Rohit Kumar,Kolkata
177,Riya Verma,Bangalore
178,Arjun Tiwari,Bangalore
179,Suman Sharma,Chennai
180,Shyam Mishra,Meerut
181,Rohit Gupta,Bangalore
182,Arjun Tiwari,Chennai
183,Kavita Jain,Meerut
184,Amit Mishra,Meerut
185,Riya Tiwari,Chennai
186,Karan Yadav,Delhi
187,Ram Agarwal,Chennai
188,Karan Singh,Meerut
189,Deepak Kumar,Bangalore
190,Karan Yadav,Kolkata
191,Vikas Tiwari,Delhi
192,Deepak Agarwal,Delhi
193,Rohit Jain,Meerut
194,Pooja Singh,Kolkata
195,Meena Agarwal,Bangalore
196,Ram Singh,Delhi
197,Karan Jain,Delhi
198,Deepak Sharma,Kolkata
199,Karan Verma,Meerut
200,Shyam Mishra,Kolkata
201,Shyam Agarwal,Delhi
202,Kavita Agarwal,Mumbai
203,Shyam Mishra,Delhi
204,Suman Kumar,Meerut
205,Nitin Mishra,Meerut
206,Ram Singh,Chennai
207,Shyam Yadav,Mumbai
208,Meena Mishra,Bangalore
209,Sneha Sharma,Bangalore
210,Rohit Tiwari,Delhi
211,Karan Sharma,Bangalore
212,Anjali Agarwal,Kolkata
213,Amit Agarwal,Chennai
214,Shyam Mishra,Mumbai
215,Arjun Mishra,Delhi
216,Arjun Kumar,Bangalore
217,Ram Singh,Meerut
218,Vikas Yadav,Chennai
219,Pooja Tiwari,Mumbai
220,Suresh Gupta,Kolkata
221,Rohit Tiwari,Mumbai
222,Amit Agarwal,Mumbai
223,Rahul Kumar,Mumbai
224,Deepak Kumar,Chennai
225,Anjali Singh,Mumbai
226,Meena Agarwal,Bangalore
227,Rohit Sharma,Meerut
228,Amit Jain,Meerut
229,Anjali Sharma,Chennai
230,Sneha Mishra,Delhi
231,Nitin Kumar,Mumbai
232,Vikas Tiwari,Mumbai
233,Suresh Tiwari,Bangalore
234,Anjali Gupta,Mumbai
235,Nitin Kumar,Mumbai
236,Rohit Singh,Meerut
237,Arjun Yadav,Bangalore
238,Arjun Tiwari,Mumbai
239,Priya Kumar,Delhi
240,Arjun Singh,Kolkata
241,Sneha Agarwal,Bangalore
242,Arjun Tiwari,Bangalore
243,Rahul Tiwari,Mumbai
244,Kavita Verma,Mumbai
245,Suresh Agarwal,Delhi
246,Riya Sharma,Mumbai
247,Shyam Jain,Kolkata
248,Anjali Verma,Chennai
249,Vikas Sharma,Meerut
250,Deepak Mishra,Bangalore
251,Ram Mishra,Kolkata
252,Riya Agarwal,Bangalore
253,Anjali Jain,Mumbai
254,Rohit Kumar,Chennai
255,Rohit Singh,Kolkata
256,Meena Sharma,Meerut
257,Nitin Jain,Bangalore
258,Rahul Tiwari,Mumbai
259,Karan Verma,Kolkata
260,Priya Yadav,Kolkata
261,Ram Sharma,Chennai
262,Kavita Gupta,Meerut
263,Kavita Gupta,Delhi
264,Priya Jain,Delhi
265,Amit Yadav,Chennai
266,Amit Kumar,Chennai
267,Meena Agarwal,Meerut
268,Suman Verma,Chennai
269,Sneha Kumar,Mumbai
270,Deepak Verma,Meerut
271,Kavita Singh,Mumbai
272,Rahul Gupta,Bangalore
273,Sneha Mishra,Meerut
274,Deepak Tiwari,Meerut
275,Rahul Agarwal,Mumbai
276,Deepak Yadav,Bangalore
277,Arjun Mishra,Bangalore
278,Meena Kumar,Delhi
279,Arjun Gupta,Chennai
280,Nitin Verma,Meerut
281,Kavita Verma,Chennai
282,Neha Verma,Chennai
283,Priya Yadav,Kolkata
284,Arjun Verma,Delhi
285,Vikas Verma,Mumbai
286,Priya Verma,Mumbai
287,Priya Kumar,Bangalore
288,Vikas Sharma,Bangalore
289,Sneha Mishra,Kolkata
290,Karan Gupta,Chennai
291,Nitin Yadav,Bangalore
292,Arjun Yadav,Chennai
293,Suresh Yadav,Meerut
294,Nitin Gupta,Meerut
295,Ram Kumar,Kolkata
296,Karan Mishra,Mumbai
297,Suresh Sharma,Delhi
298,Nitin Gupta,Mumbai
299,Riya Yadav,Chennai
300,Anjali Verma,Meerut
301,Neha Verma,Chennai
302,Riya Verma,Kolkata
303,Rahul Sharma,Delhi
304,Nitin Jain,Chennai
305,Priya Tiwari,Mumbai
306,Meena Verma,Meerut
307,Vikas Mishra,Kolkata
308,Anjali Yadav,Chennai
309,Rahul Kumar,Delhi
310,Arjun Singh,Meerut
311,Amit Gupta,Bangalore
312,Priya Verma,Chennai
313,Shyam Mishra,Meerut
314,Shyam Singh,Chennai
315,Suresh Yadav,Mumbai
316,Shyam Verma,Mumbai
317,Karan Verma,Delhi
318,Kavita Gupta,Kolkata
319,Rahul Jain,Chennai
320,Nitin Sharma,Meerut
321,Shyam Jain,Mumbai
322,Shyam Gupta,Mumbai
323,Suresh Verma,Bangalore
324,Ram Yadav,Mumbai
325,Anjali Sharma,Bangalore
326,Nitin Sharma,Bangalore
327,Ram Tiwari,Delhi
328,Anjali Sharma,Chennai
329,Deepak Agarwal,Chennai
330,Priya Kumar,Bangalore
331,Rohit Singh,Kolkata
332,Ram Yadav,Bangalore
333,Anjali Singh,Delhi
334,Rohit Sharma,Mumbai
335,Arjun Agarwal,Chennai
336,Vikas Mishra,Chennai
337,Neha Agarwal,Bangalore
338,Riya Singh,Chennai
339,Priya Verma,Chennai
340,Priya Gupta,Meerut
341,Pooja Kumar,Mumbai
342,Kavita Yadav,Meerut
343,Suman Gupta,Kolkata
344,Neha Singh,Meerut
345,Vikas Sharma,Bangalore
346,Shyam Kumar,Mumbai
347,Rohit Verma,Kolkata
348,Suman Yadav,Bangalore
349,Priya Singh,Meerut
350,Neha Agarwal,Chennai
351,Ram Yadav,Kolkata
352,Deepak Gupta,Bangalore
353,Deepak Sharma,Mumbai
354,Sneha Sharma,Chennai
355,Riya Jain,Meerut
356,Rohit Mishra,Mumbai
357,Ram Yadav,Meerut
358,Sneha Singh,Delhi
359,Ram Gupta,Kolkata
360,Priya Mishra,Kolkata
361,Shyam Gupta,Meerut
362,Arjun Jain,Kolkata
363,Rahul Jain,Delhi
364,Pooja Verma,Kolkata
365,Meena Singh,Kolkata
366,Shyam Kumar,Kolkata
367,Rahul Agarwal,Chennai
368,Deepak Mishra,Kolkata
369,Anjali Jain,Kolkata
370,Suman Jain,Kolkata
371,Rahul Verma,Chennai
372,Suresh Sharma,Bangalore
373,Rahul Sharma,Bangalore
374,Riya Sharma,Chennai
375,Riya Mishra,Bangalore
376,Suman Kumar,Bangalore
377,Shyam Singh,Delhi
378,Karan Verma,Meerut
379,Shyam Sharma,Chennai
380,Sneha Tiwari,Mumbai
381,Shyam Singh,Kolkata
382,Pooja Sharma,Chennai
383,Neha Agarwal,Meerut
384,Amit Gupta,Bangalore
385,Nitin Sharma,Chennai
386,Kavita Singh,Chennai
387,Deepak Verma,Kolkata
388,Pooja Kumar,Mumbai
389,Priya Sharma,Chennai
390,Sneha Singh,Delhi
391,Karan Singh,Mumbai
392,Rahul Verma,Bangalore
393,Kavita Tiwari,Meerut
394,Anjali Kumar,Delhi
395,Shyam Kumar,Mumbai
396,Arjun Singh,Meerut
397,Priya Mishra,Chennai
398,Sneha Tiwari,Kolkata
399,Rohit Jain,Kolkata
400,Anjali Singh,Meerut
401,Deepak Jain,Mumbai
402,Anjali Jain,Bangalore
403,Rahul Verma,Bangalore
404,Kavita Kumar,Mumbai
405,Deepak Agarwal,Mumbai
406,Pooja Sharma,Delhi
407,Shyam Jain,Chennai
408,Karan Singh,Chennai
409,Pooja Mishra,Delhi
410,Rahul Tiwari,Mumbai
411,Arjun Kumar,Chennai
412,Priya Gupta,Kolkata
413,Priya Mishra,Kolkata
414,Suresh Singh,Mumbai
415,Rohit Agarwal,Kolkata
416,Priya Agarwal,Delhi
417,Meena Mishra,Delhi
418,Arjun Yadav,Kolkata
419,Neha Agarwal,Delhi
420,Suman Agarwal,Meerut
421,Suresh Mishra,Bangalore
422,Vikas Yadav,Bangalore
423,Deepak Gupta,Bangalore
424,Suresh Sharma,Bangalore
425,Vikas Yadav,Kolkata
426,Arjun Agarwal,Chennai
427,Rahul Agarwal,Chennai
428,Nitin Jain,Delhi
429,Priya Gupta,Delhi
430,Priya Singh,Bangalore
431,Kavita Mishra,Bangalore
432,Vikas Tiwari,Delhi
433,Nitin Mishra,Mumbai
434,Deepak Verma,Mumbai
435,Pooja Sharma,Kolkata
436,Amit Kumar,Kolkata
437,Neha Singh,Mumbai
438,Anjali Singh,Mumbai
439,Pooja Tiwari,Meerut
440,Shyam Mishra,Kolkata
441,Amit Yadav,Kolkata
442,Suresh Verma,Meerut
443,Meena Tiwari,Bangalore
444,Rahul Mishra,Delhi
445,Riya Kumar,Mumbai
446,Karan Verma,Meerut
447,Shyam Jain,Mumbai
448,Rahul Tiwari,Meerut
449,Vikas Yadav,Kolkata
450,Priya Mishra,Bangalore
451,Priya Verma,Kolkata
452,Suman Agarwal,Chennai
453,Arjun Verma,Mumbai
454,Ram Tiwari,Chennai
455,Neha Tiwari,Delhi
456,Rohit Singh,Mumbai
457,Arjun Gupta,Kolkata
458,Deepak Yadav,Chennai
459,Deepak Verma,Mumbai
460,Shyam Singh,Kolkata
461,Anjali Kumar,Bangalore
462,Deepak Gupta,Kolkata
463,Riya Mishra,Mumbai
464,Anjali Gupta,Delhi
465,Nitin Jain,Bangalore
466,Pooja Kumar,Mumbai
467,Neha Agarwal,Kolkata
468,Anjali Gupta,Bangalore
469,Suresh Jain,Chennai
470,Anjali Gupta,Bangalore
471,Arjun Jain,Kolkata
472,Neha Sharma,Chennai
473,Suresh Yadav,Delhi
474,Suman Jain,Mumbai
475,Karan Yadav,Mumbai
476,Riya Gupta,Bangalore
477,Arjun Mishra,Chennai
478,Nitin Verma,Chennai
479,Priya Verma,Meerut
480,Rohit Jain,Chennai
481,Anjali Tiwari,Mumbai
482,Karan Yadav,Meerut
483,Pooja Tiwari,Bangalore
484,Deepak Agarwal,Meerut
485,Kavita Yadav,Delhi
486,Meena Singh,Meerut
487,Meena Yadav,Meerut
488,Rahul Gupta,Bangalore
489,Riya Sharma,Bangalore
490,Rahul Jain,Meerut
491,Suresh Mishra,Mumbai
492,Rohit Agarwal,Bangalore
493,Ram Singh,Mumbai
494,Vikas Jain,Delhi
495,Arjun Tiwari,Chennai
496,Rahul Jain,Delhi
497,Neha Gupta,Delhi
498,Karan Yadav,Kolkata
499,Pooja Jain,Meerut
500,Rohit Sharma,Mumbai
501,Nitin Gupta,Kolkata
502,Riya Tiwari,Meerut
503,Rahul Mishra,Delhi
504,Neha Tiwari,Meerut
505,Ram Singh,Kolkata
506,Anjali Sharma,Meerut
507,Rohit Jain,Meerut
508,Anjali Kumar,Mumbai
509,Suresh Agarwal,Chennai
510,Neha Mishra,Meerut
511,Amit Kumar,Delhi
512,Suresh Yadav,Mumbai
513,Pooja Mishra,Meerut
514,Pooja Singh,Bangalore
515,Ram Gupta,Bangalore
516,Kavita Verma,Chennai
517,Amit Kumar,Delhi
518,Rohit Agarwal,Meerut
519,Amit Tiwari,Meerut
520,Rahul Singh,Chennai
521,Suresh Agarwal,Kolkata
522,Rohit Agarwal,Chennai
523,Meena Kumar,Delhi
524,Arjun Kumar,Chennai
525,Ram Gupta,Bangalore
526,Anjali Kumar,Mumbai
527,Anjali Singh,Kolkata
528,Nitin Gupta,Delhi
529,Deepak Singh,Kolkata
530,Kavita Kumar,Kolkata
531,Rahul Gupta,Bangalore
532,Amit Gupta,Bangalore
533,Meena Gupta,Kolkata
534,Amit Gupta,Delhi
535,Deepak Jain,Kolkata
536,Ram Singh,Chennai
537,Anjali Jain,Kolkata
538,Neha Tiwari,Delhi
539,Nitin Mishra,Delhi
540,Amit Agarwal,Bangalore
541,Nitin Mishra,Chennai
542,Riya Gupta,Delhi
543,Suresh Kumar,Kolkata
544,Neha Agarwal,Delhi
545,Riya Sharma,Bangalore
546,Ram Singh,Bangalore
547,Priya Kumar,Bangalore
548,Amit Mishra,Bangalore
549,Priya Singh,Meerut
550,Pooja Mishra,Delhi
551,Kavita Singh,Meerut
552,Riya Verma,Bangalore
553,Anjali Singh,Bangalore
554,Riya Agarwal,Kolkata
555,Anjali Sharma,Delhi
556,Pooja Sharma,Meerut
557,Ram Sharma,Chennai
558,Priya Tiwari,Mumbai
559,Riya Gupta,Meerut
560,Meena Verma,Bangalore
561,Rohit Singh,Meerut
562,Rohit Mishra,Bangalore
563,Vikas Singh,Mumbai
564,Priya Tiwari,Meerut
565,Vikas Jain,Mumbai
566,Priya Verma,Kolkata
567,Anjali Agarwal,Chennai
568,Amit Mishra,Chennai
569,Deepak Kumar,Delhi
570,Suman Gupta,Kolkata
571,Deepak Agarwal,Meerut
572,Nitin Yadav,Mumbai
573,Priya Jain,Delhi
574,Rahul Sharma,Delhi
575,Suresh Agarwal,Kolkata
576,Suresh Verma,Delhi
577,Pooja Singh,Delhi
578,Arjun Singh,Delhi
579,Suman Kumar,Kolkata
580,Suman Singh,Delhi
581,Riya Gupta,Meerut
582,Rohit Yadav,Bangalore
583,Ram Sharma,Chennai
584,Suman Mishra,Mumbai
585,Rahul Kumar,Bangalore
586,Shyam Agarwal,Delhi
587,Amit Kumar,Mumbai
588,Karan Yadav,Mumbai
589,Amit Mishra,Mumbai
590,Amit Tiwari,Kolkata
591,Karan Tiwari,Bangalore
592,Meena Kumar,Meerut
593,Pooja Mishra,Chennai
594,Karan Kumar,Meerut
595,Rahul Mishra,Mumbai
596,Ram Jain,Meerut
597,Amit Yadav,Meerut
598,Suresh Sharma,Delhi
599,Rohit Yadav,Mumbai
600,Rahul Gupta,Chennai
601,Nitin Singh,Delhi
602,Shyam Gupta,Delhi
603,Neha Yadav,Delhi
604,Anjali Singh,Bangalore
605,Anjali Agarwal,Kolkata
606,Meena Singh,Delhi
607,Shyam Tiwari,Meerut
608,Karan Tiwari,Mumbai
609,Meena Jain,Bangalore
610,Karan Verma,Delhi
611,Riya Singh,Delhi
612,Nitin Mishra,Chennai
613,Rahul Yadav,Meerut
614,Sneha Gupta,Delhi
615,Anjali Mishra,Chennai
616,Rahul Kumar,Meerut
617,Arjun Sharma,Delhi
618,Meena Mishra,Kolkata
619,Nitin Mishra,Bangalore
620,Nitin Gupta,Meerut
621,Sneha Tiwari,Meerut
622,Rohit Mishra,Bangalore
623,Suresh Gupta,Mumbai
624,Shyam Verma,Meerut
625,Riya Yadav,Meerut
626,Karan Sharma,Chennai
627,Deepak Yadav,Delhi
628,Arjun Yadav,Mumbai
629,Karan Sharma,Kolkata
630,Vikas Jain,Kolkata
631,Karan Verma,Chennai
632,Ram Singh,Kolkata
633,Kavita Jain,Bangalore
634,Suman Sharma,Delhi
635,Amit Mishra,Chennai
636,Vikas Yadav,Chennai
637,Priya Singh,Chennai
638,Anjali Gupta,Delhi
639,Vikas Yadav,Chennai
640,Rohit Kumar,Mumbai
641,Suman Kumar,Chennai
642,Meena Kumar,Delhi
643,Sneha Tiwari,Kolkata
644,Vikas Kumar,Kolkata
645,Nitin Kumar,Mumbai
646,Karan Kumar,Kolkata
647,Rahul Sharma,Bangalore
648,Ram Kumar,Bangalore
649,Amit Singh,Bangalore
650,Arjun Verma,Bangalore
651,Rohit Yadav,Delhi
652,Rahul Singh,Delhi
653,Vikas Verma,Kolkata
654,Ram Kumar,Chennai
655,Kavita Yadav,Bangalore
656,Priya Mishra,Meerut
657,Pooja Kumar,Delhi
658,Amit Singh,Meerut
659,Arjun Singh,Delhi
660,Suman Tiwari,Meerut
661,Arjun Singh,Chennai
662,Meena Jain,Chennai
663,Shyam Sharma,Meerut
664,Amit Yadav,Chennai
665,Suman Singh,Delhi
666,Karan Sharma,Meerut
667,Shyam Sharma,Kolkata
668,Priya Yadav,Bangalore
669,Pooja Kumar,Kolkata
670,Ram Sharma,Bangalore
671,Anjali Verma,Mumbai
672,Vikas Jain,Bangalore
673,Anjali Mishra,Mumbai
674,Meena Mishra,Mumbai
675,Arjun Mishra,Bangalore
676,Neha Tiwari,Bangalore
677,Ram Singh,Bangalore
678,Rohit Agarwal,Kolkata
679,Karan Sharma,Mumbai
680,Suresh Singh,Mumbai
681,Kavita Mishra,Bangalore
682,Kavita Tiwari,Delhi
683,Ram Yadav,Delhi
684,Neha Gupta,Chennai
685,Karan Agarwal,Mumbai
686,Neha Agarwal,Bangalore
687,Suresh Gupta,Kolkata
688,Suresh Jain,Mumbai
689,Suman Singh,Delhi
690,Anjali Yadav,Chennai
691,Pooja Jain,Kolkata
692,Riya Singh,Chennai
693,Meena Verma,Mumbai
694,Meena Yadav,Chennai
695,Rohit Tiwari,Kolkata
696,Shyam Sharma,Chennai
697,Deepak Sharma,Bangalore
698,Priya Verma,Chennai
699,Priya Sharma,Bangalore
700,Suresh Verma,Meerut
701,Riya Yadav,Bangalore
702,Deepak Gupta,Kolkata
703,Priya Sharma,Delhi
704,Neha Yadav,Delhi
705,Rahul Sharma,Kolkata
706,Suresh Singh,Kolkata
707,Karan Verma,Delhi
708,Anjali Verma,Delhi
709,Rahul Tiwari,Meerut
710,Deepak Verma,Bangalore
711,Anjali Kumar,Bangalore
712,Suresh Gupta,Meerut
713,Shyam Kumar,Chennai
714,Suresh Jain,Kolkata
715,Meena Kumar,Bangalore
716,Anjali Agarwal,Chennai
717,Priya Sharma,Chennai
718,Neha Yadav,Delhi
719,Amit Tiwari,Chennai
720,Pooja Verma,Meerut
721,Vikas Sharma,Delhi
722,Priya Singh,Meerut
723,Pooja Verma,Meerut
724,Shyam Kumar,Delhi
725,Suman Mishra,Delhi
726,Karan Kumar,Delhi
727,Rohit Singh,Bangalore
728,Anjali Verma,Meerut
729,Deepak Agarwal,Delhi
730,Meena Mishra,Bangalore
731,Nitin Mishra,Mumbai
732,Deepak Jain,Bangalore
733,Nitin Yadav,Mumbai
734,Arjun Jain,Kolkata
735,Pooja Gupta,Delhi
736,Anjali Singh,Bangalore
737,Priya Mishra,Bangalore
738,Suman Sharma,Mumbai
739,Kavita Tiwari,Meerut
740,Meena Kumar,Delhi
741,Riya Kumar,Chennai
742,Rohit Gupta,Kolkata
743,Suman Kumar,Bangalore
744,Neha Agarwal,Mumbai
745,Suman Yadav,Chennai
746,Kavita Sharma,Mumbai
747,Neha Verma,Bangalore
748,Karan Tiwari,Mumbai
749,Arjun Singh,Mumbai
750,Sneha Verma,Bangalore
751,Pooja Singh,Mumbai
752,Nitin Jain,Kolkata
753,Vikas Mishra,Chennai
754,Priya Jain,Bangalore
755,Meena Yadav,Bangalore
756,Riya Agarwal,Chennai
757,Suman Singh,Chennai
758,Rahul Yadav,Kolkata
759,Ram Gupta,Chennai
760,Riya Verma,Mumbai
761,Deepak Singh,Bangalore
762,Karan Kumar,Meerut
763,Karan Yadav,Chennai
764,Rahul Verma,Kolkata
765,Neha Kumar,Delhi
766,Rohit Singh,Bangalore
767,Riya Kumar,Meerut
768,Riya Mishra,Delhi
769,Neha Mishra,Chennai
770,Meena Sharma,Meerut
771,Pooja Jain,Meerut
772,Amit Gupta,Bangalore
773,Arjun Jain,Delhi
774,Pooja Tiwari,Kolkata
775,Meena Agarwal,Chennai
776,Rahul Agarwal,Bangalore
777,Karan Tiwari,Delhi
778,Deepak Tiwari,Bangalore
779,Ram Sharma,Kolkata
780,Ram Tiwari,Meerut
781,Neha Sharma,Bangalore
782,Priya Jain,Chennai
783,Anjali Gupta,Chennai
784,Anjali Gupta,Meerut
785,Priya Sharma,Mumbai
786,Sneha Tiwari,Meerut
787,Kavita Tiwari,Delhi
788,Priya Sharma,Bangalore
789,Nitin Singh,Meerut
790,Arjun Tiwari,Kolkata
791,Suresh Tiwari,Kolkata
792,Amit Singh,Meerut
793,Suman Gupta,Delhi
794,Riya Jain,Bangalore
795,Kavita Yadav,Bangalore
796,Meena Tiwari,Delhi
797,Karan Agarwal,Mumbai
798,Deepak Verma,Delhi
799,Rohit Singh,Bangalore
800,Rahul Gupta,Mumbai
801,Rohit Kumar,Meerut
802,Suman Mishra,Bangalore
803,Suresh Agarwal,Meerut
804,Riya Sharma,Delhi
805,Ram Mishra,Delhi
806,Suman Jain,Delhi
807,Rahul Agarwal,Chennai
808,Sneha Agarwal,Mumbai
809,Karan Agarwal,Mumbai
810,Suresh Sharma,Mumbai
811,Ram Jain,Delhi
812,Arjun Agarwal,Mumbai
813,Suman Sharma,Bangalore
814,Anjali Tiwari,Mumbai
815,Amit Mishra,Delhi
816,Karan Tiwari,Chennai
817,Pooja Gupta,Bangalore
818,Ram Singh,Mumbai
819,Deepak Yadav,Meerut
820,Vikas Kumar,Kolkata
821,Shyam Singh,Meerut
822,Suresh Tiwari,Bangalore
823,Suresh Mishra,Chennai
824,Pooja Kumar,Mumbai
825,Suresh Gupta,Kolkata
826,Suresh Jain,Mumbai
827,Nitin Tiwari,Meerut
828,Arjun Kumar,Kolkata
829,Suman Jain,Kolkata
830,Rahul Verma,Delhi
831,Shyam Singh,Chennai
832,Shyam Kumar,Bangalore
833,Karan Singh,Meerut
834,Meena Singh,Kolkata
835,Deepak Verma,Bangalore
836,Suman Singh,Delhi
837,Nitin Jain,Kolkata
838,Shyam Agarwal,Bangalore
839,Sneha Sharma,Mumbai
840,Suman Singh,Meerut
841,Riya Gupta,Meerut
842,Pooja Kumar,Delhi
843,Priya Singh,Delhi
844,Sneha Tiwari,Kolkata
845,Deepak Kumar,Kolkata
846,Anjali Mishra,Bangalore
847,Pooja Singh,Chennai
848,Sneha Gupta,Delhi
849,Suman Verma,Meerut
850,Anjali Gupta,Meerut
851,Suresh Mishra,Delhi
852,Rahul Sharma,Meerut
853,Suman Agarwal,Bangalore
854,Arjun Tiwari,Bangalore
855,Suresh Gupta,Delhi
856,Suman Singh,Meerut
857,Vikas Yadav,Meerut
858,Amit Jain,Meerut
859,Karan Gupta,Delhi
860,Kavita Yadav,Bangalore
861,Sneha Jain,Mumbai
862,Suman Jain,Delhi
863,Riya Tiwari,Meerut
864,Amit Mishra,Kolkata
865,Meena Singh,Kolkata
866,Amit Gupta,Kolkata
867,Vikas Verma,Kolkata
868,Shyam Verma,Delhi
869,Suresh Gupta,Mumbai
870,Meena Sharma,Chennai
871,Nitin Sharma,Kolkata
872,Deepak Agarwal,Bangalore
873,Sneha Singh,Chennai
874,Meena Agarwal,Kolkata
875,Sneha Singh,Bangalore
876,Amit Singh,Kolkata
877,Pooja Mishra,Delhi
878,Vikas Verma,Meerut
879,Kavita Yadav,Bangalore
880,Rohit Kumar,Chennai
881,Nitin Yadav,Kolkata
882,Karan Yadav,Kolkata
883,Rahul Yadav,Meerut
884,Rahul Tiwari,Chennai
885,Shyam Tiwari,Chennai
886,Pooja Singh,Mumbai
887,Nitin Verma,Mumbai
888,Neha Gupta,Bangalore
889,Meena Verma,Delhi
890,Nitin Tiwari,Bangalore
891,Arjun Singh,Kolkata
892,Nitin Agarwal,Meerut
893,Meena Mishra,Meerut
894,Shyam Singh,Meerut
895,Meena Mishra,Meerut
896,Ram Sharma,Bangalore
897,Suresh Jain,Delhi
898,Kavita Singh,Mumbai
899,Priya Mishra,Meerut
900,Neha Tiwari,Bangalore
901,Ram Yadav,Kolkata
902,Rohit Singh,Kolkata
903,Suman Jain,Delhi
904,Kavita Yadav,Bangalore
905,Arjun Jain,Chennai
906,Deepak Tiwari,Bangalore
907,Deepak Sharma,Delhi
908,Arjun Agarwal,Mumbai
909,Riya Jain,Bangalore
910,Karan Singh,Kolkata
911,Ram Agarwal,Bangalore
912,Ram Gupta,Bangalore
913,Priya Sharma,Delhi
914,Nitin Agarwal,Mumbai
915,Priya Singh,Meerut
916,Neha Sharma,Mumbai
917,Meena Jain,Bangalore
918,Shyam Yadav,Bangalore
919,Karan Mishra,Kolkata
920,Amit Gupta,Delhi
921,Sneha Jain,Delhi
922,Meena Sharma,Chennai
923,Suresh Sharma,Delhi
924,Priya Kumar,Chennai
925,Riya Sharma,Kolkata
926,Riya Gupta,Bangalore
927,Vikas Verma,Kolkata
928,Ram Gupta,Meerut
929,Suman Agarwal,Delhi
930,Priya Agarwal,Kolkata
931,Rahul Tiwari,Chennai
932,Priya Kumar,Kolkata
933,Meena Mishra,Bangalore
934,Suman Sharma,Chennai
935,Shyam Jain,Mumbai
936,Rohit Sharma,Kolkata
937,Pooja Sharma,Chennai
938,Ram Singh,Chennai
939,Suresh Jain,Delhi
940,Deepak Gupta,Delhi
941,Sneha Yadav,Mumbai
942,Suman Jain,Chennai
943,Sneha Yadav,Delhi
944,Sneha Singh,Chennai
945,Sneha Singh,Delhi
946,Suresh Sharma,Chennai
947,Riya Tiwari,Meerut
948,Ram Sharma,Mumbai
949,Shyam Mishra,Mumbai
950,Arjun Verma,Meerut
951,Karan Mishra,Meerut
952,Sneha Mishra,Chennai
953,Riya Verma,Meerut
954,Rahul Sharma,Chennai
955,Rohit Yadav,Mumbai
956,Arjun Mishra,Delhi
957,Amit Kumar,Delhi
958,Anjali Yadav,Delhi
959,Neha Agarwal,Bangalore
960,Sneha Sharma,Kolkata
961,Arjun Verma,Chennai
962,Anjali Agarwal,Chennai
963,Arjun Singh,Delhi
964,Arjun Mishra,Bangalore
965,Amit Agarwal,Chennai
966,Shyam Yadav,Kolkata
967,Kavita Agarwal,Delhi
968,Arjun Sharma,Chennai
969,Sneha Kumar,Kolkata
970,Deepak Agarwal,Delhi
971,Vikas Agarwal,Delhi
972,Anjali Jain,Kolkata
973,Priya Sharma,Meerut
974,Amit Verma,Mumbai
975,Ram Gupta,Delhi
976,Amit Tiwari,Meerut
977,Suresh Tiwari,Chennai
978,Kavita Mishra,Chennai
979,Priya Tiwari,Delhi
980,Deepak Gupta,Mumbai
981,Sneha Yadav,Mumbai
982,Suresh Singh,Kolkata
983,Pooja Agarwal,Delhi
984,Sneha Agarwal,Delhi
985,Arjun Sharma,Bangalore
986,Neha Kumar,Bangalore
987,Sneha Kumar,Delhi
988,Deepak Sharma,Bangalore
989,Suresh Sharma,Meerut
990,Rahul Verma,Chennai
991,Pooja Agarwal,Kolkata
992,Anjali Gupta,Mumbai
993,Shyam Gupta,Meerut
994,Pooja Agarwal,Delhi
995,Arjun Tiwari,Meerut
996,Suman Mishra,Mumbai
997,Rahul Mishra,Kolkata
998,Sneha Kumar,Delhi
999,Suresh Agarwal,Mumbai
1000,Suresh Jain,Mumbai
1001,Ram Yadav,Bangalore
1002,Amit Yadav,Delhi
1003,Arjun Agarwal,Delhi
1004,Vikas Agarwal,Meerut
1005,Vikas Mishra,Delhi
1006,Meena Jain,Meerut
1007,Ram Verma,Kolkata
1008,Deepak Kumar,Delhi
1009,Rahul Yadav,Mumbai
1010,Anjali Sharma,Meerut
1011,Amit Sharma,Meerut
1012,Nitin Sharma,Delhi
1013,Meena Sharma,Kolkata
1014,Karan Mishra,Bangalore
1015,Kavita Tiwari,Mumbai
1016,Arjun Gupta,Delhi
1017,Rohit Agarwal,Delhi
1018,Suman Kumar,Meerut
1019,Vikas Yadav,Meerut
1020,Ram Gupta,Delhi
1021,Shyam Sharma,Meerut
1022,Vikas Tiwari,Mumbai
1023,Meena Verma,Kolkata
1024,Sneha Mishra,Bangalore
1025,Neha Kumar,Chennai
1026,Neha Jain,Mumbai
1027,Amit Gupta,Delhi
1028,Sneha Singh,Meerut
1029,Priya Agarwal,Meerut
1030,Kavita Jain,Delhi
1031,Suman Singh,Mumbai
1032,Shyam Mishra,Kolkata
1033,Neha Kumar,Delhi
1034,Priya Yadav,Meerut
1035,Arjun Agarwal,Meerut
1036,Rahul Jain,Meerut
1037,Neha Agarwal,Kolkata
1038,Sneha Verma,Mumbai
1039,Karan Kumar,Kolkata
1040,Shyam Yadav,Bangalore
1041,Rohit Sharma,Chennai
1042,Arjun Kumar,Meerut
1043,Neha Tiwari,Mumbai
1044,Pooja Verma,Bangalore
1045,Rahul Kumar,Mumbai
1046,Nitin Yadav,Delhi
1047,Nitin Gupta,Delhi
1048,Pooja Kumar,Kolkata
1049,Rohit Jain,Mumbai
1050,Ram Singh,Kolkata
1051,Deepak Verma,Meerut
1052,Suresh Sharma,Mumbai
1053,Shyam Yadav,Chennai
1054,Nitin Kumar,Mumbai
1055,Arjun Yadav,Chennai
1056,Pooja Kumar,Delhi
1057,Deepak Sharma,Bangalore
1058,Amit Agarwal,Kolkata
1059,Amit Jain,Kolkata
1060,Ram Kumar,Chennai
1061,Vikas Singh,Bangalore
1062,Neha Verma,Chennai
1063,Priya Singh,Chennai
1064,Ram Verma,Chennai
1065,Amit Gupta,Delhi
1066,Meena Yadav,Chennai
1067,Meena Agarwal,Kolkata
1068,Amit Agarwal,Kolkata
1069,Shyam Kumar,Mumbai
1070,Shyam Gupta,Bangalore
1071,Rahul Gupta,Delhi
1072,Ram Verma,Delhi
1073,Karan Singh,Delhi
1074,Karan Verma,Mumbai
1075,Karan Sharma,Delhi
1076,Pooja Agarwal,Chennai
1077,Nitin Sharma,Bangalore
1078,Meena Agarwal,Meerut
1079,Pooja Tiwari,Meerut
1080,Deepak Jain,Delhi
1081,Amit Sharma,Delhi
1082,Shyam Agarwal,Bangalore
1083,Sneha Jain,Mumbai
1084,Arjun Verma,Delhi
1085,Suresh Gupta,Mumbai
1086,Meena Agarwal,Delhi
1087,Deepak Agarwal,Meerut
1088,Amit Verma,Meerut
1089,Pooja Kumar,Delhi
1090,Riya Verma,Mumbai
1091,Deepak Sharma,Delhi
1092,Deepak Gupta,Kolkata
1093,Sneha Jain,Mumbai
1094,Meena Sharma,Bangalore
1095,Meena Yadav,Kolkata
1096,Rohit Gupta,Kolkata
1097,Amit Jain,Delhi
1098,Pooja Tiwari,Meerut
1099,Meena Mishra,Mumbai
1100,Riya Kumar,Delhi
1101,Sneha Kumar,Chennai
1102,Suresh Agarwal,Chennai
1103,Ram Yadav,Meerut
1104,Amit Jain,Chennai
1105,Rahul Singh,Delhi
1106,Amit Jain,Bangalore
1107,Suresh Yadav,Meerut
1108,Vikas Singh,Delhi
1109,Priya Singh,Kolkata
1110,Karan Mishra,Delhi
1111,Ram Kumar,Kolkata
1112,Karan Agarwal,Meerut
1113,Rohit Verma,Delhi
1114,Neha Kumar,Kolkata
1115,Deepak Mishra,Chennai
1116,Karan Tiwari,Bangalore
1117,Vikas Verma,Kolkata
1118,Rahul Singh,Delhi
1119,Meena Yadav,Bangalore
1120,Karan Jain,Chennai
1121,Rohit Tiwari,Delhi
1122,Rahul Jain,Delhi
1123,Shyam Sharma,Mumbai
1124,Anjali Yadav,Delhi
1125,Riya Singh,Kolkata
1126,Suman Agarwal,Delhi
1127,Kavita Kumar,Meerut
1128,Amit Kumar,Mumbai
1129,Ram Agarwal,Meerut
1130,Arjun Gupta,Bangalore
1131,Ram Mishra,Delhi
1132,Anjali Singh,Mumbai
1133,Nitin Yadav,Mumbai
1134,Shyam Jain,Delhi
1135,Priya Kumar,Chennai
1136,Pooja Jain,Bangalore
1137,Arjun Sharma,Bangalore
1138,Rahul Mishra,Bangalore
1139,Suresh Tiwari,Mumbai
1140,Neha Yadav,Delhi
1141,Rahul Tiwari,Bangalore
1142,Neha Gupta,Bangalore
1143,Priya Verma,Bangalore
1144,Ram Agarwal,Chennai
1145,Sneha Yadav,Mumbai
1146,Anjali Jain,Chennai
1147,Deepak Kumar,Bangalore
1148,Suman Tiwari,Delhi
1149,Meena Mishra,Mumbai
1150,Amit Kumar,Bangalore
1151,Sneha Mishra,Bangalore
1152,Shyam Gupta,Delhi
1153,Rahul Sharma,Chennai
1154,Rohit Singh,Meerut
1155,Suman Mishra,Meerut
1156,Nitin Tiwari,Kolkata
1157,Neha Verma,Chennai
1158,Suman Jain,Bangalore
1159,Shyam Tiwari,Chennai
1160,Rohit Tiwari,Chennai
1161,Pooja Kumar,Chennai
1162,Suman Agarwal,Delhi
1163,Kavita Sharma,Kolkata
1164,Karan Tiwari,Meerut
1165,Ram Sharma,Delhi
1166,Anjali Mishra,Kolkata
1167,Kavita Singh,Delhi
1168,Karan Tiwari,Delhi
1169,Karan Agarwal,Meerut
1170,Shyam Gupta,Meerut
1171,Shyam Jain,Meerut
1172,Anjali Kumar,Kolkata
1173,Ram Jain,Chennai
1174,Arjun Mishra,Kolkata
1175,Suresh Sharma,Meerut
1176,Rahul Jain,Bangalore
1177,Priya Gupta,Chennai
1178,Arjun Singh,Delhi
1179,Karan Kumar,Chennai
1180,Vikas Singh,Delhi
1181,Suresh Gupta,Meerut
1182,Sneha Sharma,Bangalore
1183,Ram Agarwal,Chennai
1184,Riya Jain,Kolkata
1185,Priya Yadav,Bangalore
1186,Nitin Tiwari,Mumbai
1187,Amit Gupta,Meerut
1188,Sneha Jain,Chennai
1189,Nitin Yadav,Kolkata
1190,Vikas Gupta,Meerut
1191,Riya Sharma,Mumbai
1192,Ram Gupta,Kolkata
1193,Amit Gupta,Chennai
1194,Shyam Verma,Kolkata
1195,Sneha Yadav,Delhi
1196,Neha Singh,Meerut
1197,Nitin Mishra,Meerut
1198,Suresh Jain,Bangalore
1199,Suman Jain,Kolkata
1200,Karan Tiwari,Mumbai
1201,Amit Yadav,Chennai
1202,Arjun Yadav,Mumbai
1203,Priya Mishra,Chennai
1204,Neha Yadav,Bangalore
1205,Ram Yadav,Bangalore
1206,Shyam Yadav,Delhi
1207,Priya Gupta,Kolkata
1208,Priya Singh,Delhi
1209,Arjun Sharma,Bangalore
1210,Nitin Tiwari,Mumbai
1211,Pooja Kumar,Meerut
1212,Deepak Mishra,Kolkata
1213,Suresh Tiwari,Delhi
1214,Priya Yadav,Chennai
1215,Sneha Tiwari,Delhi
1216,Deepak Yadav,Chennai
1217,Meena Verma,Mumbai
1218,Priya Mishra,Delhi
1219,Kavita Sharma,Bangalore
1220,Pooja Kumar,Mumbai
1221,Riya Jain,Bangalore
1222,Nitin Jain,Bangalore
1223,Sneha Verma,Mumbai
1224,Rahul Yadav,Chennai
1225,Nitin Tiwari,Mumbai
1226,Priya Verma,Meerut
1227,Pooja Agarwal,Bangalore
1228,Priya Kumar,Chennai
1229,Deepak Sharma,Delhi
1230,Pooja Agarwal,Chennai
1231,Karan Yadav,Delhi
1232,Suman Verma,Meerut
1233,Anjali Agarwal,Meerut
1234,Rohit Kumar,Bangalore
1235,Nitin Verma,Kolkata
1236,Shyam Singh,Delhi
1237,Neha Sharma,Bangalore
1238,Shyam Singh,Delhi
1239,Amit Verma,Meerut
1240,Amit Mishra,Mumbai
1241,Deepak Tiwari,Chennai
1242,Pooja Sharma,Chennai
1243,Suman Mishra,Chennai
1244,Priya Gupta,Chennai
1245,Karan Agarwal,Meerut
1246,Riya Kumar,Bangalore
1247,Arjun Verma,Bangalore
1248,Neha Agarwal,Bangalore
1249,Riya Sharma,Bangalore
1250,Priya Agarwal,Mumbai
1251,Arjun Sharma,Meerut
1252,Rahul Tiwari,Delhi
1253,Shyam Mishra,Delhi
1254,Meena Singh,Delhi
1255,Karan Kumar,Mumbai
1256,Suman Jain,Kolkata
1257,Amit Singh,Delhi
1258,Pooja Agarwal,Meerut
1259,Rohit Sharma,Kolkata
1260,Karan Mishra,Chennai
1261,Arjun Jain,Chennai
1262,Kavita Sharma,Kolkata
1263,Riya Verma,Delhi
1264,Pooja Yadav,Mumbai
1265,Anjali Yadav,Bangalore
1266,Suman Agarwal,Meerut
1267,Ram Kumar,Kolkata
1268,Anjali Mishra,Mumbai
1269,Nitin Yadav,Meerut
1270,Karan Verma,Delhi
1271,Nitin Agarwal,Meerut
1272,Neha Sharma,Delhi
1273,Karan Singh,Chennai
1274,Amit Jain,Mumbai
1275,Nitin Tiwari,Bangalore
1276,Meena Jain,Mumbai
1277,Riya Yadav,Chennai
1278,Vikas Mishra,Bangalore
1279,Vikas Yadav,Mumbai
1280,Kavita Singh,Bangalore
1281,Riya Kumar,Mumbai
1282,Meena Gupta,Chennai
1283,Nitin Tiwari,Delhi
1284,Rahul Kumar,Mumbai
1285,Pooja Agarwal,Delhi
1286,Amit Jain,Bangalore
1287,Neha Tiwari,Kolkata
1288,Shyam Jain,Chennai
1289,Rahul Tiwari,Delhi
1290,Vikas Yadav,Mumbai
1291,Meena Tiwari,Delhi
1292,Amit Agarwal,Mumbai
1293,Vikas Mishra,Meerut
1294,Anjali Gupta,Bangalore
1295,Sneha Singh,Bangalore
1296,Pooja Sharma,Kolkata
1297,Suresh Tiwari,Delhi
1298,Karan Kumar,Bangalore
1299,Rohit Sharma,Bangalore
1300,Deepak Agarwal,Chennai
1301,Suman Sharma,Meerut
1302,Amit Kumar,Delhi
1303,Rahul Singh,Bangalore
1304,Rohit Kumar,Mumbai
1305,Vikas Mishra,Bangalore
1306,Priya Tiwari,Kolkata
1307,Amit Yadav,Kolkata
1308,Kavita Gupta,Chennai
1309,Meena Agarwal,Delhi
1310,Deepak Verma,Meerut
1311,Rahul Jain,Kolkata
1312,Pooja Agarwal,Meerut
1313,Suman Kumar,Meerut
1314,Rahul Singh,Meerut
1315,Rohit Agarwal,Bangalore
1316,Rahul Sharma,Bangalore
1317,Pooja Kumar,Mumbai
1318,Priya Sharma,Mumbai
1319,Karan Singh,Bangalore
1320,Riya Jain,Mumbai
1321,Kavita Gupta,Kolkata
1322,Karan Verma,Mumbai
1323,Amit Singh,Mumbai
1324,Amit Tiwari,Kolkata
1325,Vikas Verma,Kolkata
1326,Arjun Yadav,Mumbai
1327,Priya Kumar,Mumbai
1328,Karan Jain,Mumbai
1329,Karan Sharma,Delhi
1330,Vikas Sharma,Meerut
1331,Pooja Gupta,Delhi
1332,Riya Agarwal,Chennai
1333,Nitin Tiwari,Delhi
1334,Rohit Verma,Chennai
1335,Suresh Verma,Mumbai
1336,Nitin Tiwari,Kolkata
1337,Kavita Gupta,Kolkata
1338,Riya Sharma,Delhi
1339,Amit Jain,Bangalore
1340,Amit Mishra,Chennai
1341,Anjali Gupta,Bangalore
1342,Priya Jain,Meerut
1343,Suman Verma,Kolkata
1344,Suman Mishra,Mumbai
1345,Shyam Singh,Meerut
1346,Anjali Verma,Kolkata
1347,Pooja Yadav,Mumbai
1348,Vikas Verma,Meerut
1349,Nitin Kumar,Kolkata
1350,Suresh Verma,Kolkata
1351,Shyam Mishra,Bangalore
1352,Meena Kumar,Kolkata
1353,Priya Singh,Kolkata
1354,Rohit Singh,Kolkata
1355,Suresh Agarwal,Mumbai
1356,Rohit Tiwari,Chennai
1357,Nitin Singh,Delhi
1358,Nitin Tiwari,Delhi
1359,Kavita Singh,Delhi
1360,Priya Verma,Mumbai
1361,Nitin Jain,Meerut
1362,Pooja Gupta,Meerut
1363,Nitin Kumar,Meerut
1364,Kavita Tiwari,Mumbai
1365,Neha Agarwal,Meerut
1366,Anjali Mishra,Chennai
1367,Karan Yadav,Mumbai
1368,Meena Kumar,Meerut
1369,Arjun Agarwal,Mumbai
1370,Neha Sharma,Delhi
1371,Deepak Jain,Kolkata
1372,Sneha Mishra,Kolkata
1373,Pooja Yadav,Chennai
1374,Meena Tiwari,Meerut
1375,Meena Agarwal,Mumbai
1376,Meena Jain,Chennai
1377,Arjun Yadav,Bangalore
1378,Neha Yadav,Chennai
1379,Suresh Tiwari,Delhi
1380,Amit Kumar,Mumbai
1381,Priya Verma,Bangalore
1382,Ram Mishra,Meerut
1383,Anjali Agarwal,Chennai
1384,Anjali Jain,Chennai
1385,Riya Mishra,Mumbai
1386,Arjun Kumar,Chennai
1387,Rohit Yadav,Meerut
1388,Kavita Verma,Delhi
1389,Karan Singh,Meerut
1390,Suresh Agarwal,Chennai
1391,Arjun Sharma,Chennai
1392,Priya Yadav,Kolkata
1393,Karan Mishra,Mumbai
1394,Ram Kumar,Mumbai
1395,Nitin Kumar,Bangalore
1396,Rahul Singh,Bangalore
1397,Vikas Mishra,Chennai
1398,Nitin Jain,Delhi
1399,Rohit Mishra,Chennai
1400,Arjun Kumar,Meerut
1401,Karan Verma,Meerut
1402,Kavita Singh,Kolkata
1403,Rahul Verma,Bangalore
1404,Karan Verma,Bangalore
1405,Neha Kumar,Chennai
1406,Suresh Agarwal,Mumbai
1407,Rohit Sharma,Chennai
1408,Priya Tiwari,Meerut
1409,Vikas Verma,Chennai
1410,Shyam Yadav,Meerut
1411,Suresh Agarwal,Delhi
1412,Ram Sharma,Chennai
1413,Deepak Kumar,Mumbai
1414,Anjali Yadav,Chennai
1415,Kavita Kumar,Kolkata
1416,Karan Sharma,Mumbai
1417,Sneha Mishra,Mumbai
1418,Deepak Verma,Mumbai
1419,Amit Mishra,Delhi
1420,Ram Kumar,Meerut
1421,Neha Agarwal,Bangalore
1422,Priya Mishra,Kolkata
1423,Rohit Jain,Bangalore
1424,Neha Tiwari,Meerut
1425,Suresh Agarwal,Delhi
1426,Amit Yadav,Kolkata
1427,Shyam Kumar,Bangalore
1428,Kavita Yadav,Bangalore
1429,Rohit Kumar,Mumbai
1430,Rahul Verma,Chennai
1431,Priya Sharma,Delhi
1432,Rahul Sharma,Bangalore
1433,Shyam Tiwari,Chennai
1434,Pooja Gupta,Meerut
1435,Rahul Mishra,Bangalore
1436,Shyam Mishra,Mumbai
1437,Pooja Gupta,Chennai
1438,Arjun Jain,Delhi
1439,Sneha Verma,Kolkata
1440,Suman Agarwal,Bangalore
1441,Ram Kumar,Delhi
1442,Neha Sharma,Bangalore
1443,Rahul Sharma,Chennai
1444,Ram Mishra,Meerut
1445,Arjun Jain,Meerut
1446,Karan Jain,Bangalore
1447,Pooja Agarwal,Chennai
1448,Rahul Jain,Bangalore
1449,Shyam Sharma,Kolkata
1450,Suresh Mishra,Bangalore
1451,Amit Agarwal,Mumbai
1452,Rohit Gupta,Delhi
1453,Ram Jain,Chennai
1454,Rahul Sharma,Chennai
1455,Vikas Mishra,Bangalore
1456,Sneha Agarwal,Chennai
1457,Meena Yadav,Bangalore
1458,Kavita Kumar,Mumbai
1459,Deepak Singh,Bangalore
1460,Anjali Mishra,Chennai
1461,Arjun Gupta,Meerut
1462,Pooja Kumar,Kolkata
1463,Kavita Agarwal,Delhi
1464,Suresh Singh,Kolkata
1465,Nitin Verma,Meerut
1466,Rahul Verma,Mumbai
1467,Kavita Sharma,Meerut
1468,Anjali Tiwari,Meerut
1469,Kavita Tiwari,Delhi
1470,Rohit Jain,Bangalore
1471,Priya Jain,Bangalore
1472,Riya Singh,Kolkata
1473,Rohit Gupta,Bangalore
1474,Riya Gupta,Delhi
1475,Ram Mishra,Bangalore
1476,Suman Jain,Mumbai
1477,Ram Agarwal,Meerut
1478,Meena Verma,Delhi
1479,Meena Mishra,Delhi
1480,Ram Agarwal,Mumbai
1481,Meena Agarwal,Mumbai
1482,Karan Gupta,Kolkata
1483,Sneha Verma,Kolkata
1484,Sneha Tiwari,Delhi
1485,Deepak Kumar,Bangalore
1486,Rohit Agarwal,Kolkata
1487,Kavita Kumar,Delhi
1488,Ram Yadav,Delhi
1489,Riya Mishra,Mumbai
1490,Priya Gupta,Bangalore
1491,Rohit Sharma,Kolkata
1492,Priya Tiwari,Meerut
1493,Neha Kumar,Mumbai
1494,Ram Kumar,Chennai
1495,Amit Jain,Bangalore
1496,Vikas Gupta,Kolkata
1497,Kavita Yadav,Bangalore
1498,Amit Yadav,Kolkata
1499,Neha Agarwal,Meerut
1500,Karan Jain,Mumbai
1501,Nitin Gupta,Chennai
1502,Riya Kumar,Chennai
1503,Deepak Kumar,Meerut
1504,Sneha Tiwari,Delhi
1505,Deepak Yadav,Meerut
1506,Rahul Verma,Chennai
1507,Sneha Tiwari,Delhi
1508,Anjali Agarwal,Meerut
1509,Suman Kumar,Meerut
1510,Neha Agarwal,Mumbai
1511,Neha Tiwari,Bangalore
1512,Deepak Gupta,Meerut
1513,Riya Jain,Kolkata
1514,Shyam Verma,Meerut
1515,Rohit Singh,Delhi
1516,Anjali Kumar,Bangalore
1517,Deepak Gupta,Delhi
1518,Anjali Tiwari,Chennai
1519,Kavita Singh,Chennai
1520,Vikas Kumar,Meerut
1521,Anjali Sharma,Meerut
1522,Shyam Kumar,Mumbai
1523,Neha Verma,Chennai
1524,Vikas Agarwal,Mumbai
1525,Ram Jain,Chennai
1526,Kavita Verma,Kolkata
1527,Kavita Singh,Chennai
1528,Deepak Jain,Chennai
1529,Amit Mishra,Meerut
1530,Rohit Tiwari,Mumbai
1531,Meena Tiwari,Mumbai
1532,Anjali Yadav,Bangalore
1533,Riya Jain,Bangalore
1534,Suman Sharma,Kolkata
1535,Vikas Gupta,Kolkata
1536,Anjali Verma,Chennai
1537,Meena Gupta,Delhi
1538,Suman Gupta,Chennai
1539,Rahul Mishra,Meerut
1540,Rohit Agarwal,Mumbai
1541,Nitin Yadav,Bangalore
1542,Shyam Singh,Delhi
1543,Nitin Tiwari,Meerut
1544,Nitin Singh,Bangalore
1545,Riya Gupta,Delhi
1546,Arjun Jain,Mumbai
1547,Riya Singh,Mumbai
1548,Ram Jain,Delhi
1549,Meena Verma,Meerut
1550,Meena Mishra,Bangalore
1551,Priya Jain,Chennai
1552,Sneha Jain,Bangalore
1553,Ram Singh,Bangalore
1554,Arjun Gupta,Chennai
1555,Rohit Verma,Meerut
1556,Amit Kumar,Mumbai
1557,Neha Agarwal,Bangalore
1558,Sneha Singh,Delhi
1559,Shyam Yadav,Delhi
1560,Suman Jain,Bangalore
1561,Meena Kumar,Meerut
1562,Sneha Jain,Mumbai
1563,Suresh Verma,Kolkata
1564,Nitin Kumar,Bangalore
1565,Karan Jain,Delhi
1566,Arjun Verma,Chennai
1567,Priya Gupta,Mumbai
1568,Anjali Kumar,Kolkata
1569,Pooja Verma,Delhi
1570,Rohit Jain,Kolkata
1571,Arjun Kumar,Chennai
1572,Riya Verma,Meerut
1573,Riya Kumar,Chennai
1574,Arjun Tiwari,Meerut
1575,Vikas Verma,Delhi
1576,Rohit Singh,Meerut
1577,Sneha Gupta,Delhi
1578,Rahul Verma,Bangalore
1579,Shyam Tiwari,Bangalore
1580,Anjali Kumar,Chennai
1581,Pooja Tiwari,Meerut
1582,Suresh Jain,Mumbai
1583,Amit Sharma,Bangalore
1584,Nitin Gupta,Meerut
1585,Kavita Verma,Delhi
1586,Sneha Kumar,Kolkata
1587,Suman Kumar,Chennai
1588,Karan Kumar,Delhi
1589,Shyam Sharma,Mumbai
1590,Neha Singh,Delhi
1591,Riya Singh,Bangalore
1592,Rahul Kumar,Kolkata
1593,Meena Singh,Meerut
1594,Arjun Kumar,Kolkata
1595,Ram Kumar,Meerut
1596,Rohit Agarwal,Mumbai
1597,Kavita Agarwal,Delhi
1598,Pooja Yadav,Meerut
1599,Vikas Gupta,Delhi
1600,Sneha Jain,Delhi
1601,Riya Sharma,Kolkata
1602,Karan Kumar,Kolkata
1603,Suresh Gupta,Bangalore
1604,Nitin Sharma,Kolkata
1605,Suresh Kumar,Bangalore
1606,Meena Yadav,Mumbai
1607,Ram Jain,Mumbai
1608,Pooja Yadav,Meerut
1609,Priya Gupta,Meerut
1610,Nitin Jain,Delhi
1611,Suman Agarwal,Kolkata
1612,Pooja Kumar,Chennai
1613,Karan Singh,Kolkata
1614,Vikas Gupta,Delhi
1615,Ram Kumar,Bangalore
1616,Meena Jain,Delhi
1617,Priya Agarwal,Bangalore
1618,Rahul Kumar,Kolkata
1619,Riya Jain,Kolkata
1620,Amit Jain,Delhi
1621,Sneha Singh,Mumbai
1622,Suresh Sharma,Chennai
1623,Shyam Sharma,Bangalore
1624,Anjali Mishra,Mumbai
1625,Amit Kumar,Delhi
1626,Riya Gupta,Chennai
1627,Deepak Tiwari,Chennai
1628,Rohit Tiwari,Meerut
1629,Sneha Jain,Kolkata
1630,Vikas Jain,Mumbai
1631,Sneha Singh,Kolkata
1632,Suman Tiwari,Chennai
1633,Karan Sharma,Mumbai
1634,Pooja Verma,Mumbai
1635,Pooja Sharma,Meerut
1636,Kavita Verma,Mumbai
1637,Karan Sharma,Bangalore
1638,Rahul Kumar,Meerut
1639,Deepak Agarwal,Delhi
1640,Shyam Sharma,Meerut
1641,Arjun Singh,Delhi
1642,Anjali Jain,Mumbai
1643,Karan Gupta,Delhi
1644,Deepak Kumar,Chennai
1645,Suman Jain,Meerut
1646,Arjun Mishra,Bangalore
1647,Rahul Verma,Delhi
1648,Rohit Verma,Meerut
1649,Deepak Verma,Bangalore
1650,Nitin Agarwal,Delhi
1651,Neha Gupta,Bangalore
1652,Meena Agarwal,Kolkata
1653,Deepak Verma,Delhi
1654,Meena Agarwal,Meerut
1655,Rohit Gupta,Chennai
1656,Meena Gupta,Delhi
1657,Ram Tiwari,Chennai
1658,Rahul Singh,Delhi
1659,Rahul Singh,Delhi
1660,Sneha Mishra,Meerut
1661,Nitin Jain,Kolkata
1662,Kavita Singh,Mumbai
1663,Rahul Sharma,Bangalore
1664,Arjun Mishra,Kolkata
1665,Suman Yadav,Kolkata
1666,Meena Mishra,Kolkata
1667,Nitin Mishra,Delhi
1668,Suresh Jain,Delhi
1669,Priya Gupta,Meerut
1670,Priya Mishra,Meerut
1671,Arjun Singh,Mumbai
1672,Anjali Yadav,Mumbai
1673,Priya Jain,Bangalore
1674,Deepak Jain,Bangalore
1675,Anjali Sharma,Mumbai
1676,Amit Tiwari,Bangalore
1677,Amit Jain,Meerut
1678,Vikas Singh,Kolkata
1679,Karan Verma,Meerut
1680,Ram Yadav,Meerut
1681,Suman Jain,Meerut
1682,Meena Kumar,Kolkata
1683,Rohit Sharma,Mumbai
1684,Suresh Yadav,Bangalore
1685,Amit Gupta,Kolkata
1686,Vikas Sharma,Meerut
1687,Anjali Verma,Kolkata
1688,Meena Mishra,Bangalore
1689,Karan Sharma,Meerut
1690,Neha Kumar,Bangalore
1691,Arjun Tiwari,Kolkata
1692,Arjun Verma,Kolkata
1693,Amit Singh,Chennai
1694,Sneha Kumar,Chennai
1695,Sneha Gupta,Bangalore
1696,Ram Verma,Kolkata
1697,Priya Jain,Mumbai
1698,Vikas Kumar,Bangalore
1699,Shyam Yadav,Meerut
1700,Arjun Tiwari,Delhi
1701,Vikas Sharma,Meerut
1702,Suman Agarwal,Bangalore
1703,Rohit Gupta,Mumbai
1704,Kavita Kumar,Kolkata
1705,Neha Tiwari,Mumbai
1706,Priya Yadav,Bangalore
1707,Rahul Singh,Kolkata
1708,Pooja Sharma,Kolkata
1709,Karan Agarwal,Mumbai
1710,Shyam Verma,Delhi
1711,Anjali Gupta,Chennai
1712,Suresh Agarwal,Bangalore
1713,Kavita Gupta,Mumbai
1714,Rohit Gupta,Chennai
1715,Vikas Yadav,Bangalore
1716,Deepak Mishra,Meerut
1717,Riya Jain,Chennai
1718,Deepak Sharma,Meerut
1719,Anjali Sharma,Bangalore
1720,Karan Tiwari,Bangalore
1721,Nitin Yadav,Kolkata
1722,Kavita Kumar,Meerut
1723,Karan Mishra,Bangalore
1724,Meena Jain,Mumbai
1725,Rahul Singh,Chennai
1726,Pooja Agarwal,Kolkata
1727,Karan Singh,Kolkata
1728,Neha Kumar,Delhi
1729,Sneha Mishra,Delhi
1730,Meena Mishra,Chennai
1731,Neha Tiwari,Meerut
1732,Kavita Verma,Delhi
1733,Riya Gupta,Mumbai
1734,Rahul Tiwari,Bangalore
1735,Suman Gupta,Delhi
1736,Vikas Sharma,Meerut
1737,Shyam Mishra,Meerut
1738,Sneha Gupta,Bangalore
1739,Sneha Gupta,Delhi
1740,Nitin Kumar,Kolkata
1741,Ram Sharma,Bangalore
1742,Rahul Agarwal,Bangalore
1743,Amit Verma,Bangalore
1744,Karan Verma,Delhi
1745,Suresh Gupta,Meerut
1746,Rahul Gupta,Delhi
1747,Arjun Agarwal,Chennai
1748,Neha Mishra,Meerut
1749,Riya Kumar,Meerut
1750,Rohit Kumar,Meerut
1751,Meena Agarwal,Mumbai
1752,Karan Mishra,Bangalore
1753,Sneha Singh,Mumbai
1754,Suresh Gupta,Delhi
1755,Deepak Singh,Mumbai
1756,Pooja Kumar,Kolkata
1757,Kavita Mishra,Chennai
1758,Neha Yadav,Bangalore
1759,Nitin Yadav,Kolkata
1760,Deepak Agarwal,Kolkata
1761,Rahul Mishra,Delhi
1762,Suman Yadav,Chennai
1763,Meena Sharma,Mumbai
1764,Pooja Sharma,Bangalore
1765,Neha Gupta,Chennai
1766,Rohit Jain,Bangalore
1767,Suresh Tiwari,Kolkata
1768,Anjali Singh,Mumbai
1769,Kavita Tiwari,Delhi
1770,Amit Agarwal,Delhi
1771,Anjali Gupta,Mumbai
1772,Suresh Verma,Meerut
1773,Rahul Sharma,Bangalore
1774,Suman Singh,Mumbai
1775,Deepak Verma,Meerut
1776,Rohit Tiwari,Meerut
1777,Priya Sharma,Kolkata
1778,Meena Gupta,Bangalore
1779,Vikas Verma,Meerut
1780,Anjali Gupta,Mumbai
1781,Kavita Mishra,Bangalore
1782,Kavita Kumar,Delhi
1783,Rohit Mishra,Kolkata
1784,Karan Singh,Chennai
1785,Rahul Yadav,Meerut
1786,Suresh Yadav,Meerut
1787,Rohit Mishra,Meerut
1788,Suman Gupta,Delhi
1789,Kavita Gupta,Mumbai
1790,Shyam Kumar,Meerut
1791,Karan Jain,Bangalore
1792,Pooja Gupta,Kolkata
1793,Suresh Verma,Delhi
1794,Rahul Kumar,Delhi
1795,Priya Sharma,Bangalore
1796,Anjali Tiwari,Kolkata
1797,Karan Jain,Chennai
1798,Suman Kumar,Mumbai
1799,Amit Jain,Bangalore
1800,Amit Agarwal,Meerut
1801,Shyam Mishra,Delhi
1802,Kavita Gupta,Delhi
1803,Riya Tiwari,Kolkata
1804,Arjun Singh,Kolkata
1805,Deepak Singh,Meerut
1806,Suresh Agarwal,Bangalore
1807,Deepak Kumar,Meerut
1808,Neha Yadav,Chennai
1809,Suman Kumar,Mumbai
1810,Pooja Mishra,Meerut
1811,Rahul Kumar,Bangalore
1812,Rohit Verma,Kolkata
1813,Deepak Sharma,Chennai
1814,Pooja Mishra,Meerut
1815,Meena Verma,Mumbai
1816,Rohit Jain,Delhi
1817,Kavita Kumar,Bangalore
1818,Ram Jain,Delhi
1819,Amit Singh,Bangalore
1820,Priya Verma,Bangalore
1821,Shyam Singh,Chennai
1822,Shyam Agarwal,Mumbai
1823,Amit Tiwari,Chennai
1824,Rahul Mishra,Chennai
1825,Amit Jain,Meerut
1826,Anjali Gupta,Bangalore
1827,Suman Kumar,Chennai
1828,Rohit Kumar,Meerut
1829,Priya Mishra,Kolkata
1830,Meena Tiwari,Meerut
1831,Karan Verma,Mumbai
1832,Shyam Verma,Meerut
1833,Suman Singh,Chennai
1834,Anjali Yadav,Meerut
1835,Amit Kumar,Bangalore
1836,Suresh Agarwal,Mumbai
1837,Rahul Verma,Chennai
1838,Nitin Mishra,Kolkata
1839,Kavita Kumar,Mumbai
1840,Ram Kumar,Bangalore
1841,Neha Gupta,Mumbai
1842,Arjun Agarwal,Chennai
1843,Suman Jain,Kolkata
1844,Sneha Singh,Bangalore
1845,Pooja Gupta,Delhi
1846,Pooja Sharma,Chennai
1847,Deepak Gupta,Delhi
1848,Suresh Tiwari,Chennai
1849,Sneha Kumar,Kolkata
1850,Anjali Mishra,Chennai
1851,Nitin Tiwari,Bangalore
1852,Amit Mishra,Meerut
1853,Suresh Sharma,Delhi
1854,Shyam Tiwari,Kolkata
1855,Shyam Mishra,Chennai
1856,Anjali Agarwal,Mumbai
1857,Neha Gupta,Kolkata
1858,Ram Jain,Mumbai
1859,Suresh Verma,Kolkata
1860,Anjali Mishra,Bangalore
1861,Amit Verma,Delhi
1862,Rohit Agarwal,Mumbai
1863,Meena Mishra,Mumbai
1864,Priya Mishra,Chennai
1865,Riya Sharma,Kolkata
1866,Kavita Jain,Bangalore
1867,Suman Singh,Mumbai
1868,Anjali Jain,Bangalore
1869,Sneha Sharma,Bangalore
1870,Deepak Kumar,Mumbai
1871,Kavita Verma,Kolkata
1872,Anjali Mishra,Mumbai
1873,Suman Gupta,Kolkata
1874,Kavita Gupta,Chennai
1875,Pooja Tiwari,Meerut
1876,Nitin Gupta,Mumbai
1877,Amit Verma,Meerut
1878,Neha Tiwari,Chennai
1879,Amit Tiwari,Bangalore
1880,Kavita Mishra,Meerut
1881,Neha Singh,Delhi
1882,Pooja Jain,Meerut
1883,Kavita Agarwal,Kolkata
1884,Rohit Kumar,Bangalore
1885,Meena Verma,Chennai
1886,Deepak Sharma,Bangalore
1887,Kavita Gupta,Meerut
1888,Priya Singh,Meerut
1889,Nitin Tiwari,Mumbai
1890,Suman Mishra,Bangalore
1891,Priya Gupta,Chennai
1892,Deepak Jain,Delhi
1893,Suresh Verma,Bangalore
1894,Anjali Gupta,Kolkata
1895,Priya Yadav,Mumbai
1896,Amit Gupta,Meerut
1897,Meena Sharma,Chennai
1898,Riya Agarwal,Meerut
1899,Nitin Jain,Mumbai
1900,Karan Mishra,Delhi
1901,Rohit Tiwari,Mumbai
1902,Karan Yadav,Delhi
1903,Ram Sharma,Chennai
1904,Amit Tiwari,Chennai
1905,Suresh Singh,Delhi
1906,Kavita Mishra,Mumbai
1907,Suresh Mishra,Bangalore
1908,Priya Kumar,Kolkata
1909,Rahul Singh,Meerut
1910,Ram Singh,Delhi
1911,Karan Tiwari,Meerut
1912,Kavita Agarwal,Chennai
1913,Sneha Jain,Delhi
1914,Suman Gupta,Kolkata
1915,Suresh Verma,Bangalore
1916,Vikas Agarwal,Delhi
1917,Riya Jain,Bangalore
1918,Priya Yadav,Kolkata
1919,Rahul Mishra,Meerut
1920,Suman Jain,Bangalore
1921,Priya Tiwari,Kolkata
1922,Karan Mishra,Kolkata
1923,Ram Agarwal,Delhi
1924,Rohit Jain,Meerut
1925,Deepak Mishra,Meerut
1926,Shyam Yadav,Bangalore
1927,Arjun Jain,Mumbai
1928,Deepak Tiwari,Delhi
1929,Suresh Kumar,Meerut
1930,Sneha Sharma,Meerut
1931,Nitin Agarwal,Bangalore
1932,Suresh Jain,Bangalore
1933,Pooja Gupta,Delhi
1934,Sneha Verma,Delhi
1935,Sneha Sharma,Mumbai
1936,Shyam Gupta,Chennai
1937,Anjali Singh,Kolkata
1938,Vikas Gupta,Delhi
1939,Deepak Singh,Mumbai
1940,Anjali Singh,Delhi
1941,Vikas Gupta,Mumbai
1942,Ram Singh,Chennai
1943,Sneha Gupta,Meerut
1944,Karan Mishra,Delhi
1945,Rohit Agarwal,Chennai
1946,Suresh Kumar,Kolkata
1947,Rahul Tiwari,Meerut
1948,Meena Singh,Mumbai
1949,Karan Jain,Delhi
1950,Ram Mishra,Mumbai
1951,Ram Agarwal,Kolkata
1952,Deepak Jain,Chennai
1953,Shyam Tiwari,Kolkata
1954,Rohit Gupta,Meerut
1955,Riya Singh,Chennai
1956,Suman Sharma,Delhi
1957,Pooja Singh,Bangalore
1958,Anjali Kumar,Chennai
1959,Suman Singh,Chennai
1960,Neha Yadav,Chennai
1961,Anjali Yadav,Meerut
1962,Ram Gupta,Mumbai
1963,Suman Singh,Kolkata
1964,Amit Verma,Mumbai
1965,Suresh Mishra,Mumbai
1966,Priya Agarwal,Kolkata
1967,Meena Jain,Mumbai
1968,Anjali Agarwal,Delhi
1969,Priya Gupta,Bangalore
1970,Arjun Agarwal,Meerut
1971,Pooja Agarwal,Mumbai
1972,Shyam Verma,Chennai
1973,Ram Yadav,Mumbai
1974,Rohit Tiwari,Delhi
1975,Vikas Mishra,Chennai
1976,Neha Verma,Delhi
1977,Nitin Tiwari,Mumbai
1978,Suman Sharma,Chennai
1979,Vikas Singh,Delhi
1980,Vikas Singh,Delhi
1981,Pooja Kumar,Chennai
1982,Shyam Jain,Meerut
1983,Vikas Singh,Delhi
1984,Rohit Sharma,Chennai
1985,Shyam Yadav,Bangalore
1986,Neha Tiwari,Kolkata
1987,Ram Tiwari,Delhi
1988,Rohit Kumar,Meerut
1989,Karan Mishra,Bangalore
1990,Shyam Kumar,Chennai
1991,Pooja Agarwal,Delhi
1992,Vikas Gupta,Delhi
1993,Suresh Mishra,Bangalore
1994,Amit Yadav,Mumbai
1995,Amit Agarwal,Meerut
1996,Deepak Jain,Chennai
1997,Suman Mishra,Meerut
1998,Vikas Gupta,Bangalore
1999,Karan Mishra,Meerut
2000,Arjun Sharma,Kolkata
